{
    "extrin": {
        "rows": 10,
        "cols": 5,
        "rot_noise_stddev_deg": 5.0,
        "trans_noise_stddev_ratio": 0.0,
        "random_seed": -1
    },
    "intrin" : {
        "fx": 4113.766155339797,
        "fy": 4546.794171691355,
        "cx": 910,
        "cy": 590,
        "width": 1920,
        "height": 1080,
        "k1": 0.5,
        "k2": -0.2,
        "p1": 0.01,
        "p2": 0.02,
        "k3": 0.005,
        "k4": -0.003,
        "k5": 0.002,
        "k6": -0.001
    }
}