{
    "fx": 4330.280163515576,
    "fy": 4330.280163515576,
    "cx": 960,
    "cy": 540,
    "width": 1920,
    "height": 1080
}